Id,Title,Location,Maxpeople,User,Created at,Updated at,Dayandtime,Dayandtimeend,Category
514,Night + Market Dinner,33rd and Lancaster,8,438,2014-08-06 13:55:08,2014-08-06 13:55:08,2014-08-14 22:30:00,2014-08-15 01:30:00,Local Event
507,Cluster 3 Dinner,Varies,6,28,2014-08-03 03:45:50,2014-08-03 03:45:50,2014-08-08 23:30:00,2014-08-09 01:30:00,Meal
506,Cluster 3 Dinner,Varies,6,28,2014-08-03 03:45:48,2014-08-03 03:45:48,2014-08-08 23:30:00,2014-08-09 01:30:00,Meal
505,Cluster 3 Dinner,Varies,6,28,2014-08-03 03:45:47,2014-08-03 03:45:47,2014-08-08 23:30:00,2014-08-09 01:30:00,Meal
504,Cluster 3 Dinner,Varies,6,28,2014-08-03 03:45:45,2014-08-03 03:45:45,2014-08-08 23:30:00,2014-08-09 01:30:00,Meal
503,Cluster 3 Dinner,Varies,6,28,2014-08-03 03:45:43,2014-08-03 03:45:43,2014-08-08 23:30:00,2014-08-09 01:30:00,Meal
502,Cluster 3 Dinner,Varies,6,28,2014-08-03 03:45:41,2014-08-03 03:45:41,2014-08-08 23:30:00,2014-08-09 01:30:00,Meal
501,Cluster 3 Dinner,Varies,6,28,2014-08-03 03:45:40,2014-08-03 03:45:40,2014-08-08 23:30:00,2014-08-09 01:30:00,Meal
500,Cluster 3 Dinner,Varies,6,28,2014-08-03 03:45:38,2014-08-03 03:45:38,2014-08-08 23:30:00,2014-08-09 01:30:00,Meal
499,Cluster 3 Dinner,Varies,6,28,2014-08-03 03:45:17,2014-08-03 03:45:17,2014-08-08 23:30:00,2014-08-09 01:30:00,Meal
498,Cluster 3 Dinner,Varies,6,28,2014-08-03 03:45:15,2014-08-03 03:45:15,2014-08-08 23:30:00,2014-08-09 01:30:00,Meal
497,Cluster 3 Dinner,Varies,6,28,2014-08-03 03:45:14,2014-08-03 03:45:14,2014-08-08 23:30:00,2014-08-09 01:30:00,Meal
496,Cluster 3 Dinner,Varies,6,28,2014-08-03 03:45:12,2014-08-03 03:45:12,2014-08-08 23:30:00,2014-08-09 01:30:00,Meal
495,Cluster 3 Dinner,Varies,6,28,2014-08-03 03:45:10,2014-08-03 03:45:10,2014-08-08 23:30:00,2014-08-09 01:30:00,Meal
494,Cluster 3 Dinner,Varies,6,28,2014-08-03 03:45:09,2014-08-03 03:45:09,2014-08-08 23:30:00,2014-08-09 01:30:00,Meal
493,Cluster 3 Dinner,Varies,6,28,2014-08-03 03:45:07,2014-08-03 03:45:07,2014-08-08 23:30:00,2014-08-09 01:30:00,Meal
492,Cluster 3 Dinner,Varies,6,28,2014-08-03 03:44:48,2014-08-03 03:44:48,2014-08-08 23:30:00,2014-08-09 01:30:00,Meal
491,Cluster 3 Dinner,Varies,6,28,2014-08-03 03:44:47,2014-08-03 03:44:47,2014-08-08 23:30:00,2014-08-09 01:30:00,Meal
490,Cluster 3 Dinner,Varies,6,28,2014-08-03 03:44:44,2014-08-03 03:44:44,2014-08-08 23:30:00,2014-08-09 01:30:00,Meal
489,Cluster 3 Dinner,Varies,6,28,2014-08-03 03:44:42,2014-08-03 03:44:42,2014-08-08 23:30:00,2014-08-09 01:30:00,Meal
488,Cluster 3 Dinner,Varies,6,28,2014-08-03 03:44:39,2014-08-03 03:44:39,2014-08-08 23:30:00,2014-08-09 01:30:00,Meal
487,Cluster 3 Dinner,Varies,6,28,2014-08-03 03:44:37,2014-08-03 03:44:37,2014-08-08 23:30:00,2014-08-09 01:30:00,Meal
486,Cluster 3 Dinner,Varies,6,28,2014-08-03 03:44:36,2014-08-03 03:44:36,2014-08-08 23:30:00,2014-08-09 01:30:00,Meal
485,Cluster 3 Dinner,Varies,6,28,2014-08-03 03:44:34,2014-08-03 03:44:34,2014-08-08 23:30:00,2014-08-09 01:30:00,Meal
484,Cluster 3 Dinner,Varies,6,28,2014-08-03 03:44:33,2014-08-03 03:44:33,2014-08-08 23:30:00,2014-08-09 01:30:00,Meal
483,Cluster 3 Dinner,Varies,6,28,2014-08-03 03:44:31,2014-08-03 03:44:31,2014-08-08 23:30:00,2014-08-09 01:30:00,Meal
482,Cluster 3 Dinner,Varies,6,28,2014-08-03 03:44:30,2014-08-03 03:44:30,2014-08-08 23:30:00,2014-08-09 01:30:00,Meal
481,Cluster 3 Dinner,Varies,6,28,2014-08-03 03:44:28,2014-08-03 03:44:28,2014-08-08 23:30:00,2014-08-09 01:30:00,Meal
480,Cluster 3 Dinner,Varies,6,28,2014-08-03 03:44:26,2014-08-03 03:44:26,2014-08-08 23:30:00,2014-08-09 01:30:00,Meal
479,Cluster 3 Dinner,Varies,6,28,2014-08-03 03:44:25,2014-08-03 03:44:25,2014-08-08 23:30:00,2014-08-09 01:30:00,Meal
478,Cluster 3 Dinner,Varies,6,28,2014-08-03 03:44:23,2014-08-03 03:44:23,2014-08-08 23:30:00,2014-08-09 01:30:00,Meal
477,Cluster 3 Dinner,Varies,6,28,2014-08-03 03:44:21,2014-08-03 03:44:21,2014-08-08 23:30:00,2014-08-09 01:30:00,Meal
476,Cluster 3 Dinner,Varies,6,28,2014-08-03 03:44:20,2014-08-03 03:44:20,2014-08-08 23:30:00,2014-08-09 01:30:00,Meal
475,Cluster 3 Dinner,Varies,6,28,2014-08-03 03:44:18,2014-08-03 03:44:18,2014-08-08 23:30:00,2014-08-09 01:30:00,Meal
474,Cluster 3 Dinner,Varies,6,28,2014-08-03 03:44:17,2014-08-03 03:44:17,2014-08-08 23:30:00,2014-08-09 01:30:00,Meal
473,Cluster 3 Dinner,Varies,6,28,2014-08-03 03:44:14,2014-08-03 03:44:14,2014-08-08 23:30:00,2014-08-09 01:30:00,Meal
472,Cluster 3 Dinner,Varies,6,28,2014-08-03 03:43:02,2014-08-03 03:43:29,2014-08-08 23:30:00,2014-08-09 01:30:00,Meal
470,Cluster 2 Dinner,Varies,6,28,2014-08-03 03:40:05,2014-08-03 03:40:05,2014-08-08 23:30:00,2014-08-09 01:30:00,Meal
469,Cluster 2 Dinner,Varies,6,28,2014-08-03 03:40:03,2014-08-03 03:40:03,2014-08-08 23:30:00,2014-08-09 01:30:00,Meal
468,Cluster 2 Dinner,Varies,6,28,2014-08-03 03:40:01,2014-08-03 03:40:01,2014-08-08 23:30:00,2014-08-09 01:30:00,Meal
467,Cluster 2 Dinner,Varies,6,28,2014-08-03 03:39:30,2014-08-03 03:39:30,2014-08-08 23:30:00,2014-08-09 01:30:00,Meal
466,Cluster 2 Dinner,Varies,6,28,2014-08-03 03:39:28,2014-08-03 03:39:28,2014-08-08 23:30:00,2014-08-09 01:30:00,Meal
465,Cluster 2 Dinner,Varies,6,28,2014-08-03 03:39:27,2014-08-03 03:39:27,2014-08-08 23:30:00,2014-08-09 01:30:00,Meal
464,Cluster 2 Dinner,Varies,6,28,2014-08-03 03:39:25,2014-08-03 03:39:25,2014-08-08 23:30:00,2014-08-09 01:30:00,Meal
463,Cluster 2 Dinner,Varies,6,28,2014-08-03 03:39:23,2014-08-03 03:39:23,2014-08-08 23:30:00,2014-08-09 01:30:00,Meal
462,Cluster 2 Dinner,Varies,6,28,2014-08-03 03:39:21,2014-08-03 03:39:21,2014-08-08 23:30:00,2014-08-09 01:30:00,Meal
461,Cluster 2 Dinner,Varies,6,28,2014-08-03 03:39:10,2014-08-03 03:39:10,2014-08-08 23:30:00,2014-08-09 01:30:00,Meal
460,Cluster 2 Dinner,Varies,6,28,2014-08-03 03:39:09,2014-08-03 03:39:09,2014-08-08 23:30:00,2014-08-09 01:30:00,Meal
459,Cluster 2 Dinner,Varies,6,28,2014-08-03 03:39:07,2014-08-03 03:39:07,2014-08-08 23:30:00,2014-08-09 01:30:00,Meal
458,Cluster 2 Dinner,Varies,6,28,2014-08-03 03:39:06,2014-08-03 03:39:06,2014-08-08 23:30:00,2014-08-09 01:30:00,Meal
457,Cluster 2 Dinner,Varies,6,28,2014-08-03 03:38:40,2014-08-03 03:38:40,2014-08-08 23:30:00,2014-08-09 01:30:00,Meal
456,Cluster 2 Dinner,Varies,6,28,2014-08-03 03:38:25,2014-08-03 03:38:25,2014-08-08 23:30:00,2014-08-09 01:30:00,Meal
455,Cluster 2 Dinner,Varies,6,28,2014-08-03 03:38:23,2014-08-03 03:38:23,2014-08-08 23:30:00,2014-08-09 01:30:00,Meal
454,Cluster 2 Dinner,Varies,6,28,2014-08-03 03:38:21,2014-08-03 03:38:21,2014-08-08 23:30:00,2014-08-09 01:30:00,Meal
453,Cluster 2 Dinner,Varies,6,28,2014-08-03 03:38:20,2014-08-03 03:38:20,2014-08-08 23:30:00,2014-08-09 01:30:00,Meal
452,Cluster 2 Dinner,Varies,6,28,2014-08-03 03:38:18,2014-08-03 03:38:18,2014-08-08 23:30:00,2014-08-09 01:30:00,Meal
451,Cluster 2 Dinner,Varies,6,28,2014-08-03 03:38:17,2014-08-03 03:38:17,2014-08-08 23:30:00,2014-08-09 01:30:00,Meal
450,Cluster 2 Dinner,Varies,6,28,2014-08-03 03:38:15,2014-08-03 03:38:15,2014-08-08 23:30:00,2014-08-09 01:30:00,Meal
449,Cluster 2 Dinner,Varies,6,28,2014-08-03 03:38:13,2014-08-03 03:38:13,2014-08-08 23:30:00,2014-08-09 01:30:00,Meal
448,Cluster 2 Dinner,Varies,6,28,2014-08-03 03:38:11,2014-08-03 03:38:11,2014-08-08 23:30:00,2014-08-09 01:30:00,Meal
447,Cluster 2 Dinner,Varies,6,28,2014-08-03 03:38:10,2014-08-03 03:38:10,2014-08-08 23:30:00,2014-08-09 01:30:00,Meal
446,Cluster 2 Dinner,Varies,6,28,2014-08-03 03:38:08,2014-08-03 03:38:08,2014-08-08 23:30:00,2014-08-09 01:30:00,Meal
445,Cluster 2 Dinner,Varies,6,28,2014-08-03 03:38:07,2014-08-03 03:38:07,2014-08-08 23:30:00,2014-08-09 01:30:00,Meal
444,Cluster 2 Dinner,Varies,6,28,2014-08-03 03:38:04,2014-08-03 03:38:04,2014-08-08 23:30:00,2014-08-09 01:30:00,Meal
443,Cluster 2 Dinner,Varies,6,28,2014-08-03 03:38:02,2014-08-03 03:38:02,2014-08-08 23:30:00,2014-08-09 01:30:00,Meal
442,Cluster 2 Dinner,Varies,6,28,2014-08-03 03:38:01,2014-08-03 03:38:01,2014-08-08 23:30:00,2014-08-09 01:30:00,Meal
441,Cluster 2 Dinner,Varies,6,28,2014-08-03 03:37:59,2014-08-03 03:37:59,2014-08-08 23:30:00,2014-08-09 01:30:00,Meal
440,Cluster 2 Dinner,Varies,6,28,2014-08-03 03:37:58,2014-08-03 03:37:58,2014-08-08 23:30:00,2014-08-09 01:30:00,Meal
439,Cluster 2 Dinner,Varies,6,28,2014-08-03 03:37:56,2014-08-03 03:37:56,2014-08-08 23:30:00,2014-08-09 01:30:00,Meal
438,Cluster 2 Dinner,Varies,6,28,2014-08-03 03:37:54,2014-08-03 03:37:54,2014-08-08 23:30:00,2014-08-09 01:30:00,Meal
437,Cluster 2 Dinner,Varies,6,28,2014-08-03 03:36:03,2014-08-03 03:36:03,2014-08-08 23:30:00,2014-08-09 01:30:00,Meal
436,Cluster 2 Dinner,Varies,6,28,2014-08-03 03:36:00,2014-08-03 03:36:00,2014-08-08 23:30:00,2014-08-09 01:30:00,Meal
435,Cluster 2 Dinner,Varies,6,28,2014-08-03 03:34:49,2014-08-03 03:35:31,2014-08-08 23:30:00,2014-08-09 01:30:00,Meal
434,Cluster 1 Dinner,Varies,6,36,2014-08-03 03:34:17,2014-08-03 03:34:17,2014-08-08 23:30:00,2014-08-09 01:30:00,Meal
433,Cluster 1 Dinner,Varies,6,36,2014-08-03 03:34:15,2014-08-03 03:34:15,2014-08-08 23:30:00,2014-08-09 01:30:00,Meal
432,Cluster 1 Dinner,Varies,6,36,2014-08-03 03:34:13,2014-08-03 03:34:13,2014-08-08 23:30:00,2014-08-09 01:30:00,Meal
431,Cluster 1 Dinner,Varies,6,36,2014-08-03 03:34:12,2014-08-03 03:34:12,2014-08-08 23:30:00,2014-08-09 01:30:00,Meal
430,Cluster 1 Dinner,Varies,6,36,2014-08-03 03:33:30,2014-08-03 03:33:30,2014-08-08 23:30:00,2014-08-09 01:30:00,Meal
429,Cluster 1 Dinner,Varies,6,36,2014-08-03 03:33:28,2014-08-03 03:33:28,2014-08-08 23:30:00,2014-08-09 01:30:00,Meal
428,Cluster 1 Dinner,Varies,6,36,2014-08-03 03:33:26,2014-08-03 03:33:26,2014-08-08 23:30:00,2014-08-09 01:30:00,Meal
427,Cluster 1 Dinner,Varies,6,36,2014-08-03 03:33:25,2014-08-03 03:33:25,2014-08-08 23:30:00,2014-08-09 01:30:00,Meal
426,Cluster 1 Dinner,Varies,6,36,2014-08-03 03:33:23,2014-08-03 03:33:23,2014-08-08 23:30:00,2014-08-09 01:30:00,Meal
425,Cluster 1 Dinner,Varies,6,36,2014-08-03 03:33:21,2014-08-03 03:33:21,2014-08-08 23:30:00,2014-08-09 01:30:00,Meal
424,Cluster 1 Dinner,Varies,6,36,2014-08-03 03:33:20,2014-08-03 03:33:20,2014-08-08 23:30:00,2014-08-09 01:30:00,Meal
423,Cluster 1 Dinner,Varies,6,36,2014-08-03 03:33:18,2014-08-03 03:33:18,2014-08-08 23:30:00,2014-08-09 01:30:00,Meal
422,Cluster 1 Dinner,Varies,6,36,2014-08-03 03:33:16,2014-08-03 03:33:16,2014-08-08 23:30:00,2014-08-09 01:30:00,Meal
421,Cluster 1 Dinner,Varies,6,36,2014-08-03 03:33:14,2014-08-03 03:33:14,2014-08-08 23:30:00,2014-08-09 01:30:00,Meal
420,Cluster 1 Dinner,Varies,6,36,2014-08-03 03:33:12,2014-08-03 03:33:12,2014-08-08 23:30:00,2014-08-09 01:30:00,Meal
419,Cluster 1 Dinner,Varies,6,36,2014-08-03 03:33:10,2014-08-03 03:33:10,2014-08-08 23:30:00,2014-08-09 01:30:00,Meal
418,Cluster 1 Dinner,Varies,6,36,2014-08-03 03:33:08,2014-08-03 03:33:08,2014-08-08 23:30:00,2014-08-09 01:30:00,Meal
417,Cluster 1 Dinner,Varies,6,36,2014-08-03 03:33:06,2014-08-03 03:33:06,2014-08-08 23:30:00,2014-08-09 01:30:00,Meal
416,Cluster 1 Dinner,Varies,6,36,2014-08-03 03:33:04,2014-08-03 03:33:04,2014-08-08 23:30:00,2014-08-09 01:30:00,Meal
415,Cluster 1 Dinner,Varies,6,36,2014-08-03 03:33:01,2014-08-03 03:33:01,2014-08-08 23:30:00,2014-08-09 01:30:00,Meal
414,Cluster 1 Dinner,Varies,6,36,2014-08-03 03:32:58,2014-08-03 03:32:58,2014-08-08 23:30:00,2014-08-09 01:30:00,Meal
413,Cluster 1 Dinner,Varies,6,36,2014-08-03 03:32:56,2014-08-03 03:32:56,2014-08-08 23:30:00,2014-08-09 01:30:00,Meal
412,Cluster 1 Dinner,Varies,6,36,2014-08-03 03:32:55,2014-08-03 03:32:55,2014-08-08 23:30:00,2014-08-09 01:30:00,Meal
411,Cluster 1 Dinner,Varies,6,36,2014-08-03 03:32:53,2014-08-03 03:32:53,2014-08-08 23:30:00,2014-08-09 01:30:00,Meal
410,Cluster 1 Dinner,Varies,6,36,2014-08-03 03:32:51,2014-08-03 03:32:51,2014-08-08 23:30:00,2014-08-09 01:30:00,Meal
409,Cluster 1 Dinner,Varies,6,36,2014-08-03 03:32:50,2014-08-03 03:32:50,2014-08-08 23:30:00,2014-08-09 01:30:00,Meal
408,Cluster 1 Dinner,Varies,6,36,2014-08-03 03:32:48,2014-08-03 03:32:48,2014-08-08 23:30:00,2014-08-09 01:30:00,Meal
407,Cluster 1 Dinner,Varies,6,36,2014-08-03 03:32:46,2014-08-03 03:32:46,2014-08-08 23:30:00,2014-08-09 01:30:00,Meal
406,Cluster 1 Dinner,Varies,6,36,2014-08-03 03:32:44,2014-08-03 03:32:44,2014-08-08 23:30:00,2014-08-09 01:30:00,Meal
405,Cluster 1 Dinner,Varies,6,36,2014-08-03 03:32:42,2014-08-03 03:32:42,2014-08-08 23:30:00,2014-08-09 01:30:00,Meal
404,Cluster 1 Dinner,Varies,6,36,2014-08-03 03:32:41,2014-08-03 03:32:41,2014-08-08 23:30:00,2014-08-09 01:30:00,Meal
403,Cluster 1 Dinner,Varies,6,36,2014-08-03 03:32:39,2014-08-03 03:32:39,2014-08-08 23:30:00,2014-08-09 01:30:00,Meal
402,Cluster 1 Dinner,Varies,6,36,2014-08-03 03:32:37,2014-08-03 03:32:37,2014-08-08 23:30:00,2014-08-09 01:30:00,Meal
401,Cluster 1 Dinner,Varies,6,36,2014-08-03 03:32:36,2014-08-03 03:32:36,2014-08-08 23:30:00,2014-08-09 01:30:00,Meal
400,Cluster 1 Dinner,Varies,6,36,2014-08-03 03:32:33,2014-08-03 03:32:33,2014-08-08 23:30:00,2014-08-09 01:30:00,Meal
399,Cluster 1 Dinner,Varies,6,36,2014-08-03 03:31:16,2014-08-03 03:31:42,2014-08-08 23:30:00,2014-08-09 01:30:00,Meal
398,Cluster 4 Dinner,Varies,6,27,2014-08-03 03:29:27,2014-08-03 03:29:27,2014-08-07 23:30:00,2014-08-07 23:30:00,Meal
397,Cluster 4 Dinner,Varies,6,27,2014-08-03 03:29:24,2014-08-03 03:29:24,2014-08-07 23:30:00,2014-08-07 23:30:00,Meal
396,Cluster 4 Dinner,Varies,6,27,2014-08-03 03:29:23,2014-08-03 03:29:23,2014-08-07 23:30:00,2014-08-07 23:30:00,Meal
395,Cluster 4 Dinner,Varies,6,27,2014-08-03 03:29:21,2014-08-03 03:29:21,2014-08-07 23:30:00,2014-08-07 23:30:00,Meal
394,Cluster 4 Dinner,Varies,6,27,2014-08-03 03:29:19,2014-08-03 03:29:19,2014-08-07 23:30:00,2014-08-07 23:30:00,Meal
393,Cluster 4 Dinner,Varies,6,27,2014-08-03 03:29:17,2014-08-03 03:29:17,2014-08-07 23:30:00,2014-08-07 23:30:00,Meal
392,Cluster 4 Dinner,Varies,6,27,2014-08-03 03:29:15,2014-08-03 03:29:15,2014-08-07 23:30:00,2014-08-07 23:30:00,Meal
391,Cluster 4 Dinner,Varies,6,27,2014-08-03 03:29:13,2014-08-03 03:29:13,2014-08-07 23:30:00,2014-08-07 23:30:00,Meal
390,Cluster 4 Dinner,Varies,6,27,2014-08-03 03:29:10,2014-08-03 03:29:10,2014-08-07 23:30:00,2014-08-07 23:30:00,Meal
389,Cluster 4 Dinner,Varies,6,27,2014-08-03 03:29:07,2014-08-03 03:29:07,2014-08-07 23:30:00,2014-08-07 23:30:00,Meal
388,Cluster 4 Dinner,Varies,6,27,2014-08-03 03:29:05,2014-08-03 03:29:05,2014-08-07 23:30:00,2014-08-07 23:30:00,Meal
387,Cluster 4 Dinner,Varies,6,27,2014-08-03 03:29:03,2014-08-03 03:29:03,2014-08-07 23:30:00,2014-08-07 23:30:00,Meal
386,Cluster 4 Dinner,Varies,6,27,2014-08-03 03:29:02,2014-08-03 03:29:02,2014-08-07 23:30:00,2014-08-07 23:30:00,Meal
385,Cluster 4 Dinner,Varies,6,27,2014-08-03 03:28:41,2014-08-03 03:28:41,2014-08-07 23:30:00,2014-08-07 23:30:00,Meal
384,Cluster 4 Dinner,Varies,6,27,2014-08-03 03:28:39,2014-08-03 03:28:39,2014-08-07 23:30:00,2014-08-07 23:30:00,Meal
383,Cluster 4 Dinner,Varies,6,27,2014-08-03 03:28:37,2014-08-03 03:28:37,2014-08-07 23:30:00,2014-08-07 23:30:00,Meal
382,Cluster 4 Dinner,Varies,6,27,2014-08-03 03:28:35,2014-08-03 03:28:35,2014-08-07 23:30:00,2014-08-07 23:30:00,Meal
381,Cluster 4 Dinner,Varies,6,27,2014-08-03 03:28:33,2014-08-03 03:28:33,2014-08-07 23:30:00,2014-08-07 23:30:00,Meal
380,Cluster 4 Dinner,Varies,6,27,2014-08-03 03:28:31,2014-08-03 03:28:31,2014-08-07 23:30:00,2014-08-07 23:30:00,Meal
379,Cluster 4 Dinner,Varies,6,27,2014-08-03 03:28:29,2014-08-03 03:28:29,2014-08-07 23:30:00,2014-08-07 23:30:00,Meal
378,Cluster 4 Dinner,Varies,6,27,2014-08-03 03:28:27,2014-08-03 03:28:27,2014-08-07 23:30:00,2014-08-07 23:30:00,Meal
377,Cluster 4 Dinner,Varies,6,27,2014-08-03 03:28:25,2014-08-03 03:28:25,2014-08-07 23:30:00,2014-08-07 23:30:00,Meal
376,Cluster 4 Dinner,Varies,6,27,2014-08-03 03:28:23,2014-08-03 03:28:23,2014-08-07 23:30:00,2014-08-07 23:30:00,Meal
375,Cluster 4 Dinner,Varies,6,27,2014-08-03 03:28:22,2014-08-03 03:28:22,2014-08-07 23:30:00,2014-08-07 23:30:00,Meal
374,Cluster 4 Dinner,Varies,6,27,2014-08-03 03:28:20,2014-08-03 03:28:20,2014-08-07 23:30:00,2014-08-07 23:30:00,Meal
373,Cluster 4 Dinner,Varies,6,27,2014-08-03 03:28:18,2014-08-03 03:28:18,2014-08-07 23:30:00,2014-08-07 23:30:00,Meal
372,Cluster 4 Dinner,Varies,6,27,2014-08-03 03:28:16,2014-08-03 03:28:16,2014-08-07 23:30:00,2014-08-07 23:30:00,Meal
371,Cluster 4 Dinner,Varies,6,27,2014-08-03 03:28:15,2014-08-03 03:28:15,2014-08-07 23:30:00,2014-08-07 23:30:00,Meal
370,Cluster 4 Dinner,Varies,6,27,2014-08-03 03:28:13,2014-08-03 03:28:13,2014-08-07 23:30:00,2014-08-07 23:30:00,Meal
369,Cluster 4 Dinner,Varies,6,27,2014-08-03 03:28:11,2014-08-03 03:28:11,2014-08-07 23:30:00,2014-08-07 23:30:00,Meal
368,Cluster 4 Dinner,Varies,6,27,2014-08-03 03:28:09,2014-08-03 03:28:09,2014-08-07 23:30:00,2014-08-07 23:30:00,Meal
367,Cluster 4 Dinner,Varies,6,27,2014-08-03 03:28:08,2014-08-03 03:28:08,2014-08-07 23:30:00,2014-08-07 23:30:00,Meal
366,Cluster 4 Dinner,Varies,6,27,2014-08-03 03:28:06,2014-08-03 03:28:06,2014-08-07 23:30:00,2014-08-07 23:30:00,Meal
365,Cluster 4 Dinner,Varies,6,27,2014-08-03 03:28:05,2014-08-03 03:28:05,2014-08-07 23:30:00,2014-08-07 23:30:00,Meal
364,Cluster 4 Dinner,Varies,6,27,2014-08-03 03:28:02,2014-08-03 03:28:02,2014-08-07 23:30:00,2014-08-07 23:30:00,Meal
363,Cluster 4 Dinner,Varies,6,27,2014-08-03 03:27:19,2014-08-03 03:27:46,2014-08-07 23:30:00,2014-08-07 23:30:00,Meal
326,Cluster 2 Dinner,Varies,6,28,2014-08-03 03:06:31,2014-08-03 03:21:07,2014-08-07 23:30:00,2014-08-08 01:30:00,Meal
325,Cluster 2 Dinner,Varies,6,28,2014-08-03 03:06:30,2014-08-03 03:06:30,2014-08-07 23:30:00,2014-08-08 01:30:00,Meal
324,Cluster 2 Dinner,Varies,6,28,2014-08-03 03:06:28,2014-08-03 03:06:28,2014-08-07 23:30:00,2014-08-08 01:30:00,Meal
323,Cluster 2 Dinner,Varies,6,28,2014-08-03 03:06:27,2014-08-03 03:06:27,2014-08-07 23:30:00,2014-08-08 01:30:00,Meal
322,Cluster 2 Dinner,Varies,6,28,2014-08-03 03:06:25,2014-08-03 03:06:25,2014-08-07 23:30:00,2014-08-08 01:30:00,Meal
321,Cluster 2 Dinner,Varies,6,28,2014-08-03 03:06:24,2014-08-03 03:06:24,2014-08-07 23:30:00,2014-08-08 01:30:00,Meal
320,Cluster 2 Dinner,Varies,6,28,2014-08-03 03:06:11,2014-08-03 03:06:11,2014-08-07 23:30:00,2014-08-08 01:30:00,Meal
319,Cluster 2 Dinner,Varies,6,28,2014-08-03 03:06:09,2014-08-03 03:06:09,2014-08-07 23:30:00,2014-08-08 01:30:00,Meal
318,Cluster 2 Dinner,Varies,6,28,2014-08-03 03:06:07,2014-08-03 03:06:07,2014-08-07 23:30:00,2014-08-08 01:30:00,Meal
317,Cluster 2 Dinner,Varies,6,28,2014-08-03 03:06:04,2014-08-03 03:06:04,2014-08-07 23:30:00,2014-08-08 01:30:00,Meal
316,Cluster 2 Dinner,Varies,6,28,2014-08-03 03:06:01,2014-08-03 03:06:01,2014-08-07 23:30:00,2014-08-08 01:30:00,Meal
315,Cluster 2 Dinner,Varies,6,28,2014-08-03 03:05:30,2014-08-03 03:05:30,2014-08-07 23:30:00,2014-08-08 01:30:00,Meal
314,Cluster 2 Dinner,Varies,6,28,2014-08-03 03:05:28,2014-08-03 03:05:28,2014-08-07 23:30:00,2014-08-08 01:30:00,Meal
313,Cluster 2 Dinner,Varies,6,28,2014-08-03 03:05:25,2014-08-03 03:05:25,2014-08-07 23:30:00,2014-08-08 01:30:00,Meal
312,Cluster 2 Dinner,Varies,6,28,2014-08-03 03:05:22,2014-08-03 03:05:22,2014-08-07 23:30:00,2014-08-08 01:30:00,Meal
311,Cluster 2 Dinner,Varies,6,28,2014-08-03 03:05:20,2014-08-03 03:05:20,2014-08-07 23:30:00,2014-08-08 01:30:00,Meal
310,Cluster 2 Dinner,Varies,6,28,2014-08-03 03:05:16,2014-08-03 03:05:16,2014-08-07 23:30:00,2014-08-08 01:30:00,Meal
309,Cluster 2 Dinner,Varies,6,28,2014-08-03 03:05:14,2014-08-03 03:05:14,2014-08-07 23:30:00,2014-08-08 01:30:00,Meal
308,Cluster 2 Dinner,Varies,6,28,2014-08-03 03:05:12,2014-08-03 03:05:12,2014-08-07 23:30:00,2014-08-08 01:30:00,Meal
307,Cluster 2 Dinner,Varies,6,28,2014-08-03 03:05:10,2014-08-03 03:05:10,2014-08-07 23:30:00,2014-08-08 01:30:00,Meal
306,Cluster 2 Dinner,Varies,6,28,2014-08-03 03:05:08,2014-08-03 03:05:08,2014-08-07 23:30:00,2014-08-08 01:30:00,Meal
305,Cluster 2 Dinner,Varies,6,28,2014-08-03 03:05:05,2014-08-03 03:05:05,2014-08-07 23:30:00,2014-08-08 01:30:00,Meal
304,Cluster 2 Dinner,Varies,6,28,2014-08-03 03:05:03,2014-08-03 03:05:03,2014-08-07 23:30:00,2014-08-08 01:30:00,Meal
303,Cluster 2 Dinner,Varies,6,28,2014-08-03 03:05:00,2014-08-03 03:05:00,2014-08-07 23:30:00,2014-08-08 01:30:00,Meal
302,Cluster 2 Dinner,Varies,6,28,2014-08-03 03:04:58,2014-08-03 03:04:58,2014-08-07 23:30:00,2014-08-08 01:30:00,Meal
301,Cluster 2 Dinner,Varies,6,28,2014-08-03 03:04:55,2014-08-03 03:04:55,2014-08-07 23:30:00,2014-08-08 01:30:00,Meal
300,Cluster 2 Dinner,Varies,6,28,2014-08-03 03:04:52,2014-08-03 03:04:52,2014-08-07 23:30:00,2014-08-08 01:30:00,Meal
299,Cluster 2 Dinner,Varies,6,28,2014-08-03 03:04:50,2014-08-03 03:04:50,2014-08-07 23:30:00,2014-08-08 01:30:00,Meal
298,Cluster 2 Dinner,Varies,6,28,2014-08-03 03:04:47,2014-08-03 03:04:47,2014-08-07 23:30:00,2014-08-08 01:30:00,Meal
297,Cluster 2 Dinner,Varies,6,28,2014-08-03 03:04:45,2014-08-03 03:04:45,2014-08-07 23:30:00,2014-08-08 01:30:00,Meal
296,Cluster 2 Dinner,Varies,6,28,2014-08-03 03:04:44,2014-08-03 03:04:44,2014-08-07 23:30:00,2014-08-08 01:30:00,Meal
295,Cluster 2 Dinner,Varies,6,28,2014-08-03 03:04:42,2014-08-03 03:04:42,2014-08-07 23:30:00,2014-08-08 01:30:00,Meal
294,Cluster 2 Dinner,Varies,6,28,2014-08-03 03:04:40,2014-08-03 03:04:40,2014-08-07 23:30:00,2014-08-08 01:30:00,Meal
293,Cluster 2 Dinner,Varies,6,28,2014-08-03 03:04:38,2014-08-03 03:04:38,2014-08-07 23:30:00,2014-08-08 01:30:00,Meal
292,Cluster 2 Dinner,Varies,6,28,2014-08-03 03:04:35,2014-08-03 03:04:35,2014-08-07 23:30:00,2014-08-08 01:30:00,Meal
291,Cluster 2 Dinner,Varies,6,28,2014-08-03 03:04:19,2014-08-03 03:04:19,2014-08-07 23:30:00,2014-08-08 01:30:00,Meal
290,Cluster 1 Dinner,Varies,6,36,2014-08-03 02:59:52,2014-08-03 02:59:52,2014-08-07 23:30:00,2014-08-08 01:30:00,Meal
289,Cluster 1 Dinner,Varies,6,36,2014-08-03 02:59:50,2014-08-03 02:59:50,2014-08-07 23:30:00,2014-08-08 01:30:00,Meal
288,Cluster 1 Dinner,Varies,6,36,2014-08-03 02:59:48,2014-08-03 02:59:48,2014-08-07 23:30:00,2014-08-08 01:30:00,Meal
287,Cluster 1 Dinner,Varies,6,36,2014-08-03 02:59:45,2014-08-03 02:59:45,2014-08-07 23:30:00,2014-08-08 01:30:00,Meal
286,Cluster 1 Dinner,Varies,6,36,2014-08-03 02:59:41,2014-08-03 02:59:41,2014-08-07 23:30:00,2014-08-08 01:30:00,Meal
285,Cluster 1 Dinner,Varies,6,36,2014-08-03 02:59:38,2014-08-03 02:59:38,2014-08-07 23:30:00,2014-08-08 01:30:00,Meal
284,Cluster 1 Dinner,Varies,6,36,2014-08-03 02:59:35,2014-08-03 02:59:35,2014-08-07 23:30:00,2014-08-08 01:30:00,Meal
283,Cluster 1 Dinner,Varies,6,36,2014-08-03 02:59:32,2014-08-03 02:59:32,2014-08-07 23:30:00,2014-08-08 01:30:00,Meal
282,Cluster 1 Dinner,Varies,6,36,2014-08-03 02:59:06,2014-08-03 02:59:06,2014-08-07 23:30:00,2014-08-08 01:30:00,Meal
281,Cluster 1 Dinner,Varies,6,36,2014-08-03 02:59:03,2014-08-03 02:59:03,2014-08-07 23:30:00,2014-08-08 01:30:00,Meal
280,Cluster 1 Dinner,Varies,6,36,2014-08-03 02:59:01,2014-08-03 02:59:01,2014-08-07 23:30:00,2014-08-08 01:30:00,Meal
279,Cluster 1 Dinner,Varies,6,36,2014-08-03 02:58:58,2014-08-03 02:58:58,2014-08-07 23:30:00,2014-08-08 01:30:00,Meal
278,Cluster 1 Dinner,Varies,6,36,2014-08-03 02:58:56,2014-08-03 02:58:56,2014-08-07 23:30:00,2014-08-08 01:30:00,Meal
277,Cluster 1 Dinner,Varies,6,36,2014-08-03 02:58:55,2014-08-03 02:58:55,2014-08-07 23:30:00,2014-08-08 01:30:00,Meal
276,Cluster 1 Dinner,Varies,6,36,2014-08-03 02:58:53,2014-08-03 02:58:53,2014-08-07 23:30:00,2014-08-08 01:30:00,Meal
275,Cluster 1 Dinner,Varies,6,36,2014-08-03 02:58:51,2014-08-03 02:58:51,2014-08-07 23:30:00,2014-08-08 01:30:00,Meal
274,Cluster 1 Dinner,Varies,6,36,2014-08-03 02:58:49,2014-08-03 02:58:49,2014-08-07 23:30:00,2014-08-08 01:30:00,Meal
273,Cluster 1 Dinner,Varies,6,36,2014-08-03 02:58:46,2014-08-03 02:58:46,2014-08-07 23:30:00,2014-08-08 01:30:00,Meal
272,Cluster 1 Dinner,Varies,6,36,2014-08-03 02:58:44,2014-08-03 02:58:44,2014-08-07 23:30:00,2014-08-08 01:30:00,Meal
271,Cluster 1 Dinner,Varies,6,36,2014-08-03 02:58:42,2014-08-03 02:58:42,2014-08-07 23:30:00,2014-08-08 01:30:00,Meal
270,Cluster 1 Dinner,Varies,6,36,2014-08-03 02:58:39,2014-08-03 02:58:39,2014-08-07 23:30:00,2014-08-08 01:30:00,Meal
269,Cluster 1 Dinner,Varies,6,36,2014-08-03 02:58:37,2014-08-03 02:58:37,2014-08-07 23:30:00,2014-08-08 01:30:00,Meal
268,Cluster 1 Dinner,Varies,6,36,2014-08-03 02:58:35,2014-08-03 02:58:35,2014-08-07 23:30:00,2014-08-08 01:30:00,Meal
267,Cluster 1 Dinner,Varies,6,36,2014-08-03 02:58:33,2014-08-03 02:58:33,2014-08-07 23:30:00,2014-08-08 01:30:00,Meal
266,Cluster 1 Dinner,Varies,6,36,2014-08-03 02:58:30,2014-08-03 02:58:30,2014-08-07 23:30:00,2014-08-08 01:30:00,Meal
265,Cluster 1 Dinner,Varies,6,36,2014-08-03 02:58:15,2014-08-03 02:58:15,2014-08-07 23:30:00,2014-08-08 01:30:00,Meal
264,Cluster 1 Dinner,Varies,6,36,2014-08-03 02:58:13,2014-08-03 02:58:13,2014-08-07 23:30:00,2014-08-08 01:30:00,Meal
263,Cluster 1 Dinner,Varies,6,36,2014-08-03 02:58:11,2014-08-03 02:58:11,2014-08-07 23:30:00,2014-08-08 01:30:00,Meal
262,Cluster 1 Dinner,Varies,6,36,2014-08-03 02:58:09,2014-08-03 02:58:09,2014-08-07 23:30:00,2014-08-08 01:30:00,Meal
261,Cluster 1 Dinner,Varies,6,36,2014-08-03 02:58:08,2014-08-03 02:58:08,2014-08-07 23:30:00,2014-08-08 01:30:00,Meal
260,Cluster 1 Dinner,Varies,6,36,2014-08-03 02:58:06,2014-08-03 02:58:06,2014-08-07 23:30:00,2014-08-08 01:30:00,Meal
259,Cluster 1 Dinner,Varies,6,36,2014-08-03 02:58:04,2014-08-03 02:58:04,2014-08-07 23:30:00,2014-08-08 01:30:00,Meal
258,Cluster 1 Dinner,Varies,6,36,2014-08-03 02:57:52,2014-08-03 02:57:52,2014-08-07 23:30:00,2014-08-08 01:30:00,Meal
257,Cluster 1 Dinner,Varies,6,36,2014-08-03 02:56:45,2014-08-03 02:56:45,2014-08-07 23:30:00,2014-08-08 01:30:00,Meal
256,Cluster 1 Dinner,Varies,6,36,2014-08-03 02:56:43,2014-08-03 02:56:43,2014-08-07 23:30:00,2014-08-08 01:30:00,Meal
255,Cluster 1 Dinner,Varies,6,36,2014-08-03 02:55:03,2014-08-03 02:57:23,2014-08-07 23:30:00,2014-08-08 01:30:00,Meal
251,Cluster 4 Dinner,Varies,6,27,2014-08-01 20:00:32,2014-08-01 20:00:32,2014-08-06 23:30:00,2014-08-07 01:30:00,Meal
250,Cluster 4 Dinner,Varies,6,27,2014-08-01 20:00:30,2014-08-01 20:00:30,2014-08-06 23:30:00,2014-08-07 01:30:00,Meal
249,Cluster 4 Dinner,Varies,6,27,2014-08-01 20:00:29,2014-08-01 20:00:29,2014-08-06 23:30:00,2014-08-07 01:30:00,Meal
248,Cluster 4 Dinner,Varies,6,27,2014-08-01 20:00:27,2014-08-01 20:00:27,2014-08-06 23:30:00,2014-08-07 01:30:00,Meal
247,Cluster 4 Dinner,Varies,6,27,2014-08-01 20:00:26,2014-08-01 20:00:26,2014-08-06 23:30:00,2014-08-07 01:30:00,Meal
246,Cluster 4 Dinner,Varies,6,27,2014-08-01 20:00:24,2014-08-01 20:00:24,2014-08-06 23:30:00,2014-08-07 01:30:00,Meal
245,Cluster 4 Dinner,Varies,6,27,2014-08-01 20:00:23,2014-08-01 20:00:23,2014-08-06 23:30:00,2014-08-07 01:30:00,Meal
244,Cluster 4 Dinner,Varies,6,27,2014-08-01 20:00:21,2014-08-01 20:00:21,2014-08-06 23:30:00,2014-08-07 01:30:00,Meal
243,Cluster 4 Dinner,Varies,6,27,2014-08-01 20:00:20,2014-08-01 20:00:20,2014-08-06 23:30:00,2014-08-07 01:30:00,Meal
242,Cluster 4 Dinner,Varies,6,27,2014-08-01 20:00:19,2014-08-01 20:00:19,2014-08-06 23:30:00,2014-08-07 01:30:00,Meal
241,Cluster 4 Dinner,Varies,6,27,2014-08-01 20:00:17,2014-08-01 20:00:17,2014-08-06 23:30:00,2014-08-07 01:30:00,Meal
240,Cluster 4 Dinner,Varies,6,27,2014-08-01 20:00:16,2014-08-01 20:00:16,2014-08-06 23:30:00,2014-08-07 01:30:00,Meal
239,Cluster 4 Dinner,Varies,6,27,2014-08-01 20:00:14,2014-08-01 20:00:14,2014-08-06 23:30:00,2014-08-07 01:30:00,Meal
238,Cluster 4 Dinner,Varies,6,27,2014-08-01 20:00:13,2014-08-01 20:00:13,2014-08-06 23:30:00,2014-08-07 01:30:00,Meal
237,Cluster 4 Dinner,Varies,6,27,2014-08-01 20:00:11,2014-08-01 20:00:11,2014-08-06 23:30:00,2014-08-07 01:30:00,Meal
236,Cluster 4 Dinner,Varies,6,27,2014-08-01 20:00:10,2014-08-01 20:00:10,2014-08-06 23:30:00,2014-08-07 01:30:00,Meal
235,Cluster 4 Dinner,Varies,6,27,2014-08-01 20:00:09,2014-08-01 20:00:09,2014-08-06 23:30:00,2014-08-07 01:30:00,Meal
234,Cluster 4 Dinner,Varies,6,27,2014-08-01 20:00:07,2014-08-01 20:00:07,2014-08-06 23:30:00,2014-08-07 01:30:00,Meal
233,Cluster 4 Dinner,Varies,6,27,2014-08-01 20:00:05,2014-08-01 20:00:05,2014-08-06 23:30:00,2014-08-07 01:30:00,Meal
232,Cluster 4 Dinner,Varies,6,27,2014-08-01 20:00:04,2014-08-01 20:00:04,2014-08-06 23:30:00,2014-08-07 01:30:00,Meal
231,Cluster 4 Dinner,Varies,6,27,2014-08-01 20:00:02,2014-08-01 20:00:02,2014-08-06 23:30:00,2014-08-07 01:30:00,Meal
230,Cluster 4 Dinner,Varies,6,27,2014-08-01 20:00:01,2014-08-01 20:00:01,2014-08-06 23:30:00,2014-08-07 01:30:00,Meal
229,Cluster 4 Dinner,Varies,6,27,2014-08-01 20:00:00,2014-08-01 20:00:00,2014-08-06 23:30:00,2014-08-07 01:30:00,Meal
228,Cluster 4 Dinner,Varies,6,27,2014-08-01 19:59:58,2014-08-01 19:59:58,2014-08-06 23:30:00,2014-08-07 01:30:00,Meal
227,Cluster 4 Dinner,Varies,6,27,2014-08-01 19:59:57,2014-08-01 19:59:57,2014-08-06 23:30:00,2014-08-07 01:30:00,Meal
226,Cluster 4 Dinner,Varies,6,27,2014-08-01 19:59:55,2014-08-01 19:59:55,2014-08-06 23:30:00,2014-08-07 01:30:00,Meal
225,Cluster 4 Dinner,Varies,6,27,2014-08-01 19:59:54,2014-08-01 19:59:54,2014-08-06 23:30:00,2014-08-07 01:30:00,Meal
224,Cluster 4 Dinner,Varies,6,27,2014-08-01 19:59:52,2014-08-01 19:59:52,2014-08-06 23:30:00,2014-08-07 01:30:00,Meal
223,Cluster 4 Dinner,Varies,6,27,2014-08-01 19:59:51,2014-08-01 19:59:51,2014-08-06 23:30:00,2014-08-07 01:30:00,Meal
222,Cluster 4 Dinner,"Han Dynasty, Old City",6,27,2014-08-01 19:59:49,2014-08-05 21:52:28,2014-08-07 00:00:00,2014-08-07 01:30:00,Meal
221,Cluster 4 Dinner,Varies,6,27,2014-08-01 19:59:48,2014-08-01 19:59:48,2014-08-06 23:30:00,2014-08-07 01:30:00,Meal
220,Cluster 4 Dinner,Varies,6,27,2014-08-01 19:59:46,2014-08-01 19:59:46,2014-08-06 23:30:00,2014-08-07 01:30:00,Meal
219,Cluster 4 Dinner,Varies,6,27,2014-08-01 19:59:42,2014-08-01 19:59:42,2014-08-06 23:30:00,2014-08-07 01:30:00,Meal
218,Cluster 4 Dinner,Varies,6,27,2014-08-01 19:59:41,2014-08-01 19:59:41,2014-08-06 23:30:00,2014-08-07 01:30:00,Meal
217,Cluster 4 Dinner,Varies,6,27,2014-08-01 19:59:39,2014-08-01 19:59:39,2014-08-06 23:30:00,2014-08-07 01:30:00,Meal
216,Cluster 4 Dinner,Varies,6,27,2014-08-01 19:58:30,2014-08-01 19:59:14,2014-08-06 23:30:00,2014-08-07 01:30:00,Meal
215,Cluster 3 Dinner,Varies,6,28,2014-08-01 19:58:29,2014-08-01 19:58:29,2014-08-06 23:30:00,2014-08-07 01:30:00,Meal
214,Cluster 3 Dinner,Varies,6,28,2014-08-01 19:58:27,2014-08-01 19:58:27,2014-08-06 23:30:00,2014-08-07 01:30:00,Meal
213,Cluster 3 Dinner,Varies,6,28,2014-08-01 19:58:25,2014-08-01 19:58:25,2014-08-06 23:30:00,2014-08-07 01:30:00,Meal
212,Cluster 3 Dinner,Varies,6,28,2014-08-01 19:58:23,2014-08-01 19:58:23,2014-08-06 23:30:00,2014-08-07 01:30:00,Meal
211,Cluster 3 Dinner,Varies,6,28,2014-08-01 19:58:22,2014-08-01 19:58:22,2014-08-06 23:30:00,2014-08-07 01:30:00,Meal
210,Cluster 3 Dinner,Varies,6,28,2014-08-01 19:58:20,2014-08-01 19:58:20,2014-08-06 23:30:00,2014-08-07 01:30:00,Meal
209,Cluster 3 Dinner,Varies,6,28,2014-08-01 19:58:19,2014-08-01 19:58:19,2014-08-06 23:30:00,2014-08-07 01:30:00,Meal
208,Cluster 3 Dinner,Varies,6,28,2014-08-01 19:58:03,2014-08-01 19:58:03,2014-08-06 23:30:00,2014-08-07 01:30:00,Meal
207,Cluster 3 Dinner,Varies,6,28,2014-08-01 19:58:01,2014-08-01 19:58:01,2014-08-06 23:30:00,2014-08-07 01:30:00,Meal
206,Cluster 3 Dinner,Varies,6,28,2014-08-01 19:57:59,2014-08-01 19:57:59,2014-08-06 23:30:00,2014-08-07 01:30:00,Meal
205,Cluster 3 Dinner,Varies,6,28,2014-08-01 19:57:58,2014-08-01 19:57:58,2014-08-06 23:30:00,2014-08-07 01:30:00,Meal
204,Cluster 3 Dinner,Varies,6,28,2014-08-01 19:57:56,2014-08-01 19:57:56,2014-08-06 23:30:00,2014-08-07 01:30:00,Meal
203,Cluster 3 Dinner,Varies,6,28,2014-08-01 19:57:55,2014-08-01 19:57:55,2014-08-06 23:30:00,2014-08-07 01:30:00,Meal
202,Cluster 3 Dinner,Varies,6,28,2014-08-01 19:57:53,2014-08-01 19:57:53,2014-08-06 23:30:00,2014-08-07 01:30:00,Meal
201,Cluster 3 Dinner,Varies,6,28,2014-08-01 19:57:52,2014-08-01 19:57:52,2014-08-06 23:30:00,2014-08-07 01:30:00,Meal
200,Cluster 3 Dinner,Varies,6,28,2014-08-01 19:57:50,2014-08-01 19:57:50,2014-08-06 23:30:00,2014-08-07 01:30:00,Meal
199,Cluster 3 Dinner,Varies,6,28,2014-08-01 19:57:49,2014-08-01 19:57:49,2014-08-06 23:30:00,2014-08-07 01:30:00,Meal
198,Cluster 3 Dinner,Varies,6,28,2014-08-01 19:57:47,2014-08-01 19:57:47,2014-08-06 23:30:00,2014-08-07 01:30:00,Meal
197,Cluster 3 Dinner,Varies,6,28,2014-08-01 19:57:46,2014-08-01 19:57:46,2014-08-06 23:30:00,2014-08-07 01:30:00,Meal
196,Cluster 3 Dinner,Varies,6,28,2014-08-01 19:57:44,2014-08-01 19:57:44,2014-08-06 23:30:00,2014-08-07 01:30:00,Meal
195,Cluster 3 Dinner,Varies,6,28,2014-08-01 19:57:42,2014-08-01 19:57:42,2014-08-06 23:30:00,2014-08-07 01:30:00,Meal
194,Cluster 3 Dinner,Varies,6,28,2014-08-01 19:57:41,2014-08-01 19:57:41,2014-08-06 23:30:00,2014-08-07 01:30:00,Meal
193,Cluster 3 Dinner,Varies,6,28,2014-08-01 19:57:39,2014-08-01 19:57:39,2014-08-06 23:30:00,2014-08-07 01:30:00,Meal
192,Cluster 3 Dinner,Varies,6,28,2014-08-01 19:57:37,2014-08-01 19:57:37,2014-08-06 23:30:00,2014-08-07 01:30:00,Meal
191,Cluster 3 Dinner,Varies,6,28,2014-08-01 19:57:36,2014-08-01 19:57:36,2014-08-06 23:30:00,2014-08-07 01:30:00,Meal
190,Cluster 3 Dinner,Varies,6,28,2014-08-01 19:57:34,2014-08-01 19:57:34,2014-08-06 23:30:00,2014-08-07 01:30:00,Meal
189,Cluster 3 Dinner,Varies,6,28,2014-08-01 19:57:32,2014-08-01 19:57:32,2014-08-06 23:30:00,2014-08-07 01:30:00,Meal
188,Cluster 3 Dinner,Varies,6,28,2014-08-01 19:57:31,2014-08-01 19:57:31,2014-08-06 23:30:00,2014-08-07 01:30:00,Meal
187,Cluster 3 Dinner,Varies,6,28,2014-08-01 19:57:29,2014-08-01 19:57:29,2014-08-06 23:30:00,2014-08-07 01:30:00,Meal
186,Cluster 3 Dinner,Varies,6,28,2014-08-01 19:57:28,2014-08-01 19:57:28,2014-08-06 23:30:00,2014-08-07 01:30:00,Meal
185,Cluster 3 Dinner,Varies,6,28,2014-08-01 19:57:26,2014-08-01 19:57:26,2014-08-06 23:30:00,2014-08-07 01:30:00,Meal
184,Cluster 3 Dinner,Varies,6,28,2014-08-01 19:57:25,2014-08-01 19:57:25,2014-08-06 23:30:00,2014-08-07 01:30:00,Meal
183,Cluster 3 Dinner,Varies,6,28,2014-08-01 19:57:23,2014-08-01 19:57:23,2014-08-06 23:30:00,2014-08-07 01:30:00,Meal
182,Cluster 3 Dinner,Varies,6,28,2014-08-01 19:57:21,2014-08-01 19:57:21,2014-08-06 23:30:00,2014-08-07 01:30:00,Meal
181,Cluster 3 Dinner,Varies,6,28,2014-08-01 19:57:19,2014-08-01 19:57:19,2014-08-06 23:30:00,2014-08-07 01:30:00,Meal
180,Cluster 3 Dinner,Varies,6,28,2014-08-01 19:56:52,2014-08-01 19:56:52,2014-08-06 23:30:00,2014-08-07 01:30:00,Meal
179,Cluster 1 Dinner,Varies,6,36,2014-08-01 19:55:44,2014-08-01 19:55:44,2014-08-06 23:30:00,2014-08-07 01:30:00,Meal
178,Cluster 1 Dinner,Varies,6,36,2014-08-01 19:55:42,2014-08-01 19:55:42,2014-08-06 23:30:00,2014-08-07 01:30:00,Meal
177,Cluster 1 Dinner,Varies,6,36,2014-08-01 19:55:40,2014-08-01 19:55:40,2014-08-06 23:30:00,2014-08-07 01:30:00,Meal
176,Cluster 1 Dinner,Varies,6,36,2014-08-01 19:55:39,2014-08-01 19:55:39,2014-08-06 23:30:00,2014-08-07 01:30:00,Meal
175,Cluster 1 Dinner,Varies,6,36,2014-08-01 19:55:37,2014-08-01 19:55:37,2014-08-06 23:30:00,2014-08-07 01:30:00,Meal
174,Cluster 1 Dinner,Varies,6,36,2014-08-01 19:55:36,2014-08-01 19:55:36,2014-08-06 23:30:00,2014-08-07 01:30:00,Meal
173,Cluster 1 Dinner,Varies,6,36,2014-08-01 19:55:16,2014-08-01 19:55:16,2014-08-06 23:30:00,2014-08-07 01:30:00,Meal
172,Cluster 1 Dinner,Varies,6,36,2014-08-01 19:55:14,2014-08-01 19:55:14,2014-08-06 23:30:00,2014-08-07 01:30:00,Meal
171,Cluster 1 Dinner,Varies,6,36,2014-08-01 19:55:12,2014-08-01 19:55:12,2014-08-06 23:30:00,2014-08-07 01:30:00,Meal
170,Cluster 1 Dinner,Varies,6,36,2014-08-01 19:55:11,2014-08-01 19:55:11,2014-08-06 23:30:00,2014-08-07 01:30:00,Meal
169,Cluster 1 Dinner,Varies,6,36,2014-08-01 19:55:09,2014-08-01 19:55:09,2014-08-06 23:30:00,2014-08-07 01:30:00,Meal
168,Cluster 1 Dinner,Varies,6,36,2014-08-01 19:55:08,2014-08-01 19:55:08,2014-08-06 23:30:00,2014-08-07 01:30:00,Meal
167,Cluster 1 Dinner,Varies,6,36,2014-08-01 19:55:06,2014-08-01 19:55:06,2014-08-06 23:30:00,2014-08-07 01:30:00,Meal
166,Cluster 1 Dinner,Varies,6,36,2014-08-01 19:55:04,2014-08-01 19:55:04,2014-08-06 23:30:00,2014-08-07 01:30:00,Meal
165,Cluster 1 Dinner,Varies,6,36,2014-08-01 19:55:03,2014-08-01 19:55:03,2014-08-06 23:30:00,2014-08-07 01:30:00,Meal
164,Cluster 1 Dinner,Varies,6,36,2014-08-01 19:55:01,2014-08-01 19:55:01,2014-08-06 23:30:00,2014-08-07 01:30:00,Meal
163,Cluster 1 Dinner,Varies,6,36,2014-08-01 19:54:59,2014-08-01 19:54:59,2014-08-06 23:30:00,2014-08-07 01:30:00,Meal
162,Cluster 1 Dinner,Varies,6,36,2014-08-01 19:54:56,2014-08-01 19:54:56,2014-08-06 23:30:00,2014-08-07 01:30:00,Meal
161,Cluster 1 Dinner,Varies,6,36,2014-08-01 19:54:54,2014-08-01 19:54:54,2014-08-06 23:30:00,2014-08-07 01:30:00,Meal
160,Cluster 1 Dinner,Varies,6,36,2014-08-01 19:54:52,2014-08-01 19:54:52,2014-08-06 23:30:00,2014-08-07 01:30:00,Meal
159,Cluster 1 Dinner,Varies,6,36,2014-08-01 19:54:51,2014-08-01 19:54:51,2014-08-06 23:30:00,2014-08-07 01:30:00,Meal
158,Cluster 1 Dinner,Varies,6,36,2014-08-01 19:54:49,2014-08-01 19:54:49,2014-08-06 23:30:00,2014-08-07 01:30:00,Meal
157,Cluster 1 Dinner,Varies,6,36,2014-08-01 19:54:47,2014-08-01 19:54:47,2014-08-06 23:30:00,2014-08-07 01:30:00,Meal
156,Cluster 1 Dinner,Varies,6,36,2014-08-01 19:54:46,2014-08-01 19:54:46,2014-08-06 23:30:00,2014-08-07 01:30:00,Meal
155,Cluster 1 Dinner,Varies,6,36,2014-08-01 19:54:44,2014-08-01 19:54:44,2014-08-06 23:30:00,2014-08-07 01:30:00,Meal
154,Cluster 1 Dinner,Varies,6,36,2014-08-01 19:54:42,2014-08-01 19:54:42,2014-08-06 23:30:00,2014-08-07 01:30:00,Meal
153,Cluster 1 Dinner,Varies,6,36,2014-08-01 19:54:40,2014-08-01 19:54:40,2014-08-06 23:30:00,2014-08-07 01:30:00,Meal
152,Cluster 1 Dinner,Varies,6,36,2014-08-01 19:54:38,2014-08-01 19:54:38,2014-08-06 23:30:00,2014-08-07 01:30:00,Meal
151,Cluster 1 Dinner,Varies,6,36,2014-08-01 19:54:37,2014-08-01 19:54:37,2014-08-06 23:30:00,2014-08-07 01:30:00,Meal
150,Cluster 1 Dinner,Varies,6,36,2014-08-01 19:54:35,2014-08-01 19:54:35,2014-08-06 23:30:00,2014-08-07 01:30:00,Meal
149,Cluster 1 Dinner,Varies,6,36,2014-08-01 19:54:34,2014-08-01 19:54:34,2014-08-06 23:30:00,2014-08-07 01:30:00,Meal
148,Cluster 1 Dinner,Varies,6,36,2014-08-01 19:54:32,2014-08-01 19:54:32,2014-08-06 23:30:00,2014-08-07 01:30:00,Meal
147,Cluster 1 Dinner,Varies,6,36,2014-08-01 19:54:30,2014-08-01 19:54:30,2014-08-06 23:30:00,2014-08-07 01:30:00,Meal
146,Cluster 1 Dinner,Varies,6,36,2014-08-01 19:54:28,2014-08-01 19:54:28,2014-08-06 23:30:00,2014-08-07 01:30:00,Meal
145,Cluster 1 Dinner,Varies,6,36,2014-08-01 19:54:26,2014-08-01 19:54:26,2014-08-06 23:30:00,2014-08-07 01:30:00,Meal
144,Cluster 1 Dinner,Varies,6,36,2014-08-01 19:53:03,2014-08-01 19:53:56,2014-08-06 23:30:00,2014-08-07 01:30:00,Meal
143,Cluster 4 Dinner,Varies,6,27,2014-08-01 19:52:05,2014-08-01 19:52:05,2014-08-05 23:30:00,2014-08-06 01:30:00,Meal
142,Cluster 4 Dinner,Varies,6,27,2014-08-01 19:52:03,2014-08-01 19:52:03,2014-08-05 23:30:00,2014-08-06 01:30:00,Meal
141,Cluster 4 Dinner,Varies,6,27,2014-08-01 19:52:01,2014-08-01 19:52:01,2014-08-05 23:30:00,2014-08-06 01:30:00,Meal
140,Cluster 4 Dinner,Varies,6,27,2014-08-01 19:50:59,2014-08-01 19:50:59,2014-08-05 23:30:00,2014-08-06 01:30:00,Meal
139,Cluster 4 Dinner,Varies,6,27,2014-08-01 19:50:52,2014-08-01 19:50:52,2014-08-05 23:30:00,2014-08-06 01:30:00,Meal
138,Cluster 4 Dinner,Varies,6,27,2014-08-01 19:50:51,2014-08-01 19:50:51,2014-08-05 23:30:00,2014-08-06 01:30:00,Meal
137,Cluster 4 Dinner,Varies,6,27,2014-08-01 19:50:49,2014-08-01 19:50:49,2014-08-05 23:30:00,2014-08-06 01:30:00,Meal
136,Cluster 4 Dinner,Varies,6,27,2014-08-01 19:50:48,2014-08-01 19:50:48,2014-08-05 23:30:00,2014-08-06 01:30:00,Meal
135,Cluster 4 Dinner,Varies,6,27,2014-08-01 19:50:46,2014-08-01 19:50:46,2014-08-05 23:30:00,2014-08-06 01:30:00,Meal
134,Cluster 4 Dinner,Varies,6,27,2014-08-01 19:50:45,2014-08-01 19:50:45,2014-08-05 23:30:00,2014-08-06 01:30:00,Meal
133,Cluster 4 Dinner,Varies,6,27,2014-08-01 19:50:43,2014-08-01 19:50:43,2014-08-05 23:30:00,2014-08-06 01:30:00,Meal
132,Cluster 4 Dinner,Varies,6,27,2014-08-01 19:50:13,2014-08-01 19:50:13,2014-08-05 23:30:00,2014-08-06 01:30:00,Meal
131,Cluster 4 Dinner,Varies,6,27,2014-08-01 19:50:11,2014-08-01 19:50:11,2014-08-05 23:30:00,2014-08-06 01:30:00,Meal
130,Cluster 4 Dinner,Varies,6,27,2014-08-01 19:50:09,2014-08-01 19:50:09,2014-08-05 23:30:00,2014-08-06 01:30:00,Meal
129,Cluster 4 Dinner,Varies,6,27,2014-08-01 19:50:08,2014-08-01 19:50:08,2014-08-05 23:30:00,2014-08-06 01:30:00,Meal
128,Cluster 4 Dinner,Varies,6,27,2014-08-01 19:50:06,2014-08-01 19:50:06,2014-08-05 23:30:00,2014-08-06 01:30:00,Meal
127,Cluster 4 Dinner,Varies,6,27,2014-08-01 19:50:04,2014-08-01 19:50:04,2014-08-05 23:30:00,2014-08-06 01:30:00,Meal
126,Cluster 4 Dinner,Varies,6,27,2014-08-01 19:50:02,2014-08-01 19:50:02,2014-08-05 23:30:00,2014-08-06 01:30:00,Meal
125,Cluster 4 Dinner,Varies,6,27,2014-08-01 19:50:00,2014-08-01 19:50:00,2014-08-05 23:30:00,2014-08-06 01:30:00,Meal
124,Cluster 4 Dinner,Varies,6,27,2014-08-01 19:49:21,2014-08-01 19:49:21,2014-08-05 23:30:00,2014-08-06 01:30:00,Meal
123,Cluster 4 Dinner,Varies,6,27,2014-08-01 19:49:18,2014-08-01 19:49:18,2014-08-05 23:30:00,2014-08-06 01:30:00,Meal
122,Cluster 4 Dinner,Varies,6,27,2014-08-01 19:49:17,2014-08-01 19:49:17,2014-08-05 23:30:00,2014-08-06 01:30:00,Meal
121,Cluster 4 Dinner,Varies,6,27,2014-08-01 19:49:15,2014-08-01 19:49:15,2014-08-05 23:30:00,2014-08-06 01:30:00,Meal
120,Cluster 4 Dinner,Varies,6,27,2014-08-01 19:49:13,2014-08-01 19:49:13,2014-08-05 23:30:00,2014-08-06 01:30:00,Meal
119,Cluster 4 Dinner,Varies,6,27,2014-08-01 19:49:12,2014-08-01 19:49:12,2014-08-05 23:30:00,2014-08-06 01:30:00,Meal
118,Cluster 4 Dinner,Varies,6,27,2014-08-01 19:49:09,2014-08-01 19:49:09,2014-08-05 23:30:00,2014-08-06 01:30:00,Meal
117,Cluster 4 Dinner,Varies,6,27,2014-08-01 19:49:08,2014-08-01 19:49:08,2014-08-05 23:30:00,2014-08-06 01:30:00,Meal
116,Cluster 4 Dinner,Varies,6,27,2014-08-01 19:49:06,2014-08-01 19:49:06,2014-08-05 23:30:00,2014-08-06 01:30:00,Meal
115,Cluster 4 Dinner,Varies,6,27,2014-08-01 19:49:04,2014-08-01 19:49:04,2014-08-05 23:30:00,2014-08-06 01:30:00,Meal
114,Cluster 4 Dinner,Varies,6,27,2014-08-01 19:49:03,2014-08-01 19:49:03,2014-08-05 23:30:00,2014-08-06 01:30:00,Meal
113,Cluster 4 Dinner,Varies,6,27,2014-08-01 19:49:01,2014-08-01 19:49:01,2014-08-05 23:30:00,2014-08-06 01:30:00,Meal
112,Cluster 4 Dinner,Varies,6,27,2014-08-01 19:49:00,2014-08-01 19:49:00,2014-08-05 23:30:00,2014-08-06 01:30:00,Meal
111,Cluster 4 Dinner,Varies,6,27,2014-08-01 19:48:58,2014-08-01 19:48:58,2014-08-05 23:30:00,2014-08-06 01:30:00,Meal
110,Cluster 4 Dinner,Varies,6,27,2014-08-01 19:48:57,2014-08-01 19:48:57,2014-08-05 23:30:00,2014-08-06 01:30:00,Meal
109,Cluster 4 Dinner,Varies,6,27,2014-08-01 19:48:54,2014-08-01 19:48:54,2014-08-05 23:30:00,2014-08-06 01:30:00,Meal
108,Cluster 4 Dinner,Percy St. BBQ,6,27,2014-08-01 19:48:19,2014-08-05 18:59:57,2014-08-06 00:00:00,2014-08-06 01:30:00,Meal
107,Cluster 3 Dinner,Varies,6,28,2014-08-01 19:47:42,2014-08-01 19:47:42,2014-08-05 23:30:00,2014-08-06 01:30:00,Meal
106,Cluster 3 Dinner,Varies,6,28,2014-08-01 19:47:40,2014-08-01 19:47:40,2014-08-05 23:30:00,2014-08-06 01:30:00,Meal
105,Cluster 3 Dinner,Varies,6,28,2014-08-01 19:47:38,2014-08-01 19:47:38,2014-08-05 23:30:00,2014-08-06 01:30:00,Meal
104,Cluster 3 Dinner,Varies,6,28,2014-08-01 19:47:36,2014-08-01 19:47:36,2014-08-05 23:30:00,2014-08-06 01:30:00,Meal
103,Cluster 3 Dinner,Varies,6,28,2014-08-01 19:47:34,2014-08-01 19:47:34,2014-08-05 23:30:00,2014-08-06 01:30:00,Meal
102,Cluster 3 Dinner,Varies,6,28,2014-08-01 19:47:33,2014-08-01 19:47:33,2014-08-05 23:30:00,2014-08-06 01:30:00,Meal
101,Cluster 3 Dinner,Varies,6,28,2014-08-01 19:47:19,2014-08-01 19:47:19,2014-08-05 23:30:00,2014-08-06 01:30:00,Meal
100,Cluster 3 Dinner,Varies,6,28,2014-08-01 19:46:10,2014-08-01 19:46:10,2014-08-05 23:30:00,2014-08-06 01:30:00,Meal
99,Cluster 3 Dinner,Varies,6,28,2014-08-01 19:46:08,2014-08-01 19:46:08,2014-08-05 23:30:00,2014-08-06 01:30:00,Meal
98,Cluster 3 Dinner,Varies,6,28,2014-08-01 19:46:06,2014-08-01 19:46:06,2014-08-05 23:30:00,2014-08-06 01:30:00,Meal
97,Cluster 3 Dinner,Varies,6,28,2014-08-01 19:46:04,2014-08-01 19:46:04,2014-08-05 23:30:00,2014-08-06 01:30:00,Meal
96,Cluster 3 Dinner,Varies,6,28,2014-08-01 19:46:02,2014-08-01 19:46:02,2014-08-05 23:30:00,2014-08-06 01:30:00,Meal
95,Cluster 3 Dinner,Varies,6,28,2014-08-01 19:46:01,2014-08-01 19:46:01,2014-08-05 23:30:00,2014-08-06 01:30:00,Meal
94,Cluster 3 Dinner,Varies,6,28,2014-08-01 19:45:59,2014-08-01 19:45:59,2014-08-05 23:30:00,2014-08-06 01:30:00,Meal
93,Cluster 3 Dinner,Varies,6,28,2014-08-01 19:45:57,2014-08-01 19:45:57,2014-08-05 23:30:00,2014-08-06 01:30:00,Meal
92,Cluster 3 Dinner,Varies,6,28,2014-08-01 19:45:55,2014-08-01 19:45:55,2014-08-05 23:30:00,2014-08-06 01:30:00,Meal
91,Cluster 3 Dinner,Varies,6,28,2014-08-01 19:45:53,2014-08-01 19:45:53,2014-08-05 23:30:00,2014-08-06 01:30:00,Meal
90,Cluster 3 Dinner,Varies,6,28,2014-08-01 19:45:51,2014-08-01 19:45:51,2014-08-05 23:30:00,2014-08-06 01:30:00,Meal
89,Cluster 3 Dinner,Varies,6,28,2014-08-01 19:45:50,2014-08-01 19:45:50,2014-08-05 23:30:00,2014-08-06 01:30:00,Meal
88,Cluster 3 Dinner,Varies,6,28,2014-08-01 19:45:48,2014-08-01 19:45:48,2014-08-05 23:30:00,2014-08-06 01:30:00,Meal
87,Cluster 3 Dinner,Varies,6,28,2014-08-01 19:45:46,2014-08-01 19:45:46,2014-08-05 23:30:00,2014-08-06 01:30:00,Meal
86,Cluster 3 Dinner,Varies,6,28,2014-08-01 19:45:44,2014-08-01 19:45:44,2014-08-05 23:30:00,2014-08-06 01:30:00,Meal
85,Cluster 3 Dinner,Varies,6,28,2014-08-01 19:45:42,2014-08-01 19:45:42,2014-08-05 23:30:00,2014-08-06 01:30:00,Meal
84,Cluster 3 Dinner,Varies,6,28,2014-08-01 19:45:40,2014-08-01 19:45:40,2014-08-05 23:30:00,2014-08-06 01:30:00,Meal
83,Cluster 3 Dinner,Varies,6,28,2014-08-01 19:45:38,2014-08-01 19:45:38,2014-08-05 23:30:00,2014-08-06 01:30:00,Meal
82,Cluster 3 Dinner,Varies,6,28,2014-08-01 19:45:36,2014-08-01 19:45:36,2014-08-05 23:30:00,2014-08-06 01:30:00,Meal
81,Cluster 3 Dinner,Varies,6,28,2014-08-01 19:45:34,2014-08-01 19:45:34,2014-08-05 23:30:00,2014-08-06 01:30:00,Meal
80,Cluster 3 Dinner,Varies,6,28,2014-08-01 19:45:32,2014-08-01 19:45:32,2014-08-05 23:30:00,2014-08-06 01:30:00,Meal
79,Cluster 3 Dinner,Varies,6,28,2014-08-01 19:45:31,2014-08-01 19:45:31,2014-08-05 23:30:00,2014-08-06 01:30:00,Meal
78,Cluster 3 Dinner,Varies,6,28,2014-08-01 19:45:29,2014-08-01 19:45:29,2014-08-05 23:30:00,2014-08-06 01:30:00,Meal
77,Cluster 3 Dinner,Varies,6,28,2014-08-01 19:45:26,2014-08-01 19:45:26,2014-08-05 23:30:00,2014-08-06 01:30:00,Meal
76,Cluster 3 Dinner,Varies,6,28,2014-08-01 19:45:24,2014-08-01 19:45:24,2014-08-05 23:30:00,2014-08-06 01:30:00,Meal
75,Cluster 3 Dinner,Varies,6,28,2014-08-01 19:45:22,2014-08-01 19:45:22,2014-08-05 23:30:00,2014-08-06 01:30:00,Meal
74,Cluster 3 Dinner,Varies,6,28,2014-08-01 19:45:20,2014-08-01 19:45:20,2014-08-05 23:30:00,2014-08-06 01:30:00,Meal
73,Cluster 3 Dinner,Varies,6,28,2014-08-01 19:45:17,2014-08-01 19:45:17,2014-08-05 23:30:00,2014-08-06 01:30:00,Meal
72,Cluster 3 Dinner,Varies,6,28,2014-08-01 19:44:14,2014-08-01 19:44:14,2014-08-05 23:30:00,2014-08-06 01:30:00,Meal
71,Cluster 2 Dinner,Varies,6,28,2014-08-01 19:42:03,2014-08-01 19:42:03,2014-08-05 23:30:00,2014-08-06 01:30:00,Meal
70,Cluster 2 Dinner,Varies,6,28,2014-08-01 19:41:44,2014-08-01 19:41:44,2014-08-05 23:30:00,2014-08-06 01:30:00,Meal
69,Cluster 2 Dinner,Varies,6,28,2014-08-01 19:41:20,2014-08-01 19:41:20,2014-08-05 23:30:00,2014-08-06 01:30:00,Meal
68,Cluster 2 Dinner,Varies,6,28,2014-08-01 19:41:18,2014-08-01 19:41:18,2014-08-05 23:30:00,2014-08-06 01:30:00,Meal
67,Cluster 2 Dinner,Varies,6,28,2014-08-01 19:41:15,2014-08-01 19:41:15,2014-08-05 23:30:00,2014-08-06 01:30:00,Meal
66,Cluster 2 Dinner,Varies,6,28,2014-08-01 19:41:14,2014-08-01 19:41:14,2014-08-05 23:30:00,2014-08-06 01:30:00,Meal
65,Cluster 2 Dinner,Varies,6,28,2014-08-01 19:41:12,2014-08-01 19:41:12,2014-08-05 23:30:00,2014-08-06 01:30:00,Meal
64,Cluster 2 Dinner,Varies,6,28,2014-08-01 19:41:10,2014-08-01 19:41:10,2014-08-05 23:30:00,2014-08-06 01:30:00,Meal
63,Cluster 2 Dinner,Varies,6,28,2014-08-01 19:41:08,2014-08-01 19:41:08,2014-08-05 23:30:00,2014-08-06 01:30:00,Meal
62,Cluster 2 Dinner,Varies,6,28,2014-08-01 19:41:06,2014-08-01 19:41:06,2014-08-05 23:30:00,2014-08-06 01:30:00,Meal
61,Cluster 2 Dinner,Varies,6,28,2014-08-01 19:41:05,2014-08-01 19:41:05,2014-08-05 23:30:00,2014-08-06 01:30:00,Meal
60,Cluster 2 Dinner,Varies,6,28,2014-08-01 19:41:03,2014-08-01 19:41:03,2014-08-05 23:30:00,2014-08-06 01:30:00,Meal
59,Cluster 2 Dinner,Varies,6,28,2014-08-01 19:41:01,2014-08-01 19:41:01,2014-08-05 23:30:00,2014-08-06 01:30:00,Meal
58,Cluster 2 Dinner,Varies,6,28,2014-08-01 19:40:42,2014-08-01 19:40:42,2014-08-05 23:30:00,2014-08-06 01:30:00,Meal
57,Cluster 2 Dinner,Varies,6,28,2014-08-01 19:40:40,2014-08-01 19:40:40,2014-08-05 23:30:00,2014-08-06 01:30:00,Meal
56,Cluster 2 Dinner,Varies,6,28,2014-08-01 19:40:38,2014-08-01 19:40:38,2014-08-05 23:30:00,2014-08-06 01:30:00,Meal
55,Cluster 2 Dinner,Varies,6,28,2014-08-01 19:40:36,2014-08-01 19:40:36,2014-08-05 23:30:00,2014-08-06 01:30:00,Meal
54,Cluster 2 Dinner,Varies,6,28,2014-08-01 19:40:34,2014-08-01 19:40:34,2014-08-05 23:30:00,2014-08-06 01:30:00,Meal
53,Cluster 2 Dinner,Varies,6,28,2014-08-01 19:40:28,2014-08-01 19:40:28,2014-08-05 23:30:00,2014-08-06 01:30:00,Meal
52,Cluster 2 Dinner,Varies,6,28,2014-08-01 19:40:26,2014-08-01 19:40:26,2014-08-05 23:30:00,2014-08-06 01:30:00,Meal
51,Cluster 2 Dinner,Varies,6,28,2014-08-01 19:40:11,2014-08-01 19:40:11,2014-08-05 23:30:00,2014-08-06 01:30:00,Meal
50,Cluster 2 Dinner,Varies,6,28,2014-08-01 19:40:09,2014-08-01 19:40:09,2014-08-05 23:30:00,2014-08-06 01:30:00,Meal
49,Cluster 2 Dinner,Varies,6,28,2014-08-01 19:40:06,2014-08-01 19:40:06,2014-08-05 23:30:00,2014-08-06 01:30:00,Meal
48,Cluster 2 Dinner,Varies,6,28,2014-08-01 19:40:04,2014-08-01 19:40:04,2014-08-05 23:30:00,2014-08-06 01:30:00,Meal
47,Cluster 2 Dinner,Varies,6,28,2014-08-01 19:40:01,2014-08-01 19:40:01,2014-08-05 23:30:00,2014-08-06 01:30:00,Meal
46,Cluster 2 Dinner,Varies,6,28,2014-08-01 19:39:47,2014-08-01 19:39:47,2014-08-05 23:30:00,2014-08-06 01:30:00,Meal
45,Cluster 2 Dinner,Varies,6,28,2014-08-01 19:39:14,2014-08-01 19:39:14,2014-08-05 23:30:00,2014-08-06 01:30:00,Meal
44,Cluster 2 Dinner,Varies,6,28,2014-08-01 19:21:17,2014-08-01 19:21:17,2014-08-05 23:30:00,2014-08-06 01:30:00,Meal
43,Cluster 2 Dinner,Varies,6,28,2014-08-01 19:20:45,2014-08-01 19:20:45,2014-08-05 23:30:00,2014-08-06 01:30:00,Meal
42,Cluster 2 Dinner,Varies,6,28,2014-08-01 19:20:28,2014-08-01 19:20:28,2014-08-05 23:30:00,2014-08-06 01:30:00,Meal
41,Cluster 2 Dinner,Varies,6,28,2014-08-01 19:19:21,2014-08-01 19:19:21,2014-08-05 23:30:00,2014-08-06 01:30:00,Meal
40,Cluster 2 Dinner,Varies,6,28,2014-08-01 19:19:04,2014-08-01 19:19:04,2014-08-05 23:30:00,2014-08-06 01:30:00,Meal
39,Cluster 2 Dinner,Varies,6,28,2014-08-01 19:18:34,2014-08-01 19:18:34,2014-08-05 23:30:00,2014-08-06 01:30:00,Meal
38,Cluster 2 Dinner,Varies,6,28,2014-08-01 19:18:13,2014-08-01 19:18:13,2014-08-05 23:30:00,2014-08-06 01:30:00,Meal
37,Cluster 2 Dinner,Varies,6,28,2014-08-01 19:18:06,2014-08-01 19:18:06,2014-08-05 23:30:00,2014-08-06 01:30:00,Meal
36,Cluster 2 Dinner,Varies,6,28,2014-08-01 19:14:17,2014-08-01 19:17:12,2014-08-05 23:30:00,2014-08-06 01:30:00,Meal
